USE [master]
GO
/****** Object:  Database [Demka]    Script Date: 01.04.2023 11:50:36 ******/
CREATE DATABASE [Demka]
 CONTAINMENT = NONE
 ON  PRIMARY 
( NAME = N'Demka', FILENAME = N'C:\Program Files\Microsoft SQL Server\MSSQL15.MSSQLSERVER\MSSQL\DATA\Demka.mdf' , SIZE = 8192KB , MAXSIZE = UNLIMITED, FILEGROWTH = 65536KB )
 LOG ON 
( NAME = N'Demka_log', FILENAME = N'C:\Program Files\Microsoft SQL Server\MSSQL15.MSSQLSERVER\MSSQL\DATA\Demka_log.ldf' , SIZE = 8192KB , MAXSIZE = 2048GB , FILEGROWTH = 65536KB )
 WITH CATALOG_COLLATION = DATABASE_DEFAULT
GO
ALTER DATABASE [Demka] SET COMPATIBILITY_LEVEL = 150
GO
IF (1 = FULLTEXTSERVICEPROPERTY('IsFullTextInstalled'))
begin
EXEC [Demka].[dbo].[sp_fulltext_database] @action = 'enable'
end
GO
ALTER DATABASE [Demka] SET ANSI_NULL_DEFAULT OFF 
GO
ALTER DATABASE [Demka] SET ANSI_NULLS OFF 
GO
ALTER DATABASE [Demka] SET ANSI_PADDING OFF 
GO
ALTER DATABASE [Demka] SET ANSI_WARNINGS OFF 
GO
ALTER DATABASE [Demka] SET ARITHABORT OFF 
GO
ALTER DATABASE [Demka] SET AUTO_CLOSE OFF 
GO
ALTER DATABASE [Demka] SET AUTO_SHRINK OFF 
GO
ALTER DATABASE [Demka] SET AUTO_UPDATE_STATISTICS ON 
GO
ALTER DATABASE [Demka] SET CURSOR_CLOSE_ON_COMMIT OFF 
GO
ALTER DATABASE [Demka] SET CURSOR_DEFAULT  GLOBAL 
GO
ALTER DATABASE [Demka] SET CONCAT_NULL_YIELDS_NULL OFF 
GO
ALTER DATABASE [Demka] SET NUMERIC_ROUNDABORT OFF 
GO
ALTER DATABASE [Demka] SET QUOTED_IDENTIFIER OFF 
GO
ALTER DATABASE [Demka] SET RECURSIVE_TRIGGERS OFF 
GO
ALTER DATABASE [Demka] SET  DISABLE_BROKER 
GO
ALTER DATABASE [Demka] SET AUTO_UPDATE_STATISTICS_ASYNC OFF 
GO
ALTER DATABASE [Demka] SET DATE_CORRELATION_OPTIMIZATION OFF 
GO
ALTER DATABASE [Demka] SET TRUSTWORTHY OFF 
GO
ALTER DATABASE [Demka] SET ALLOW_SNAPSHOT_ISOLATION OFF 
GO
ALTER DATABASE [Demka] SET PARAMETERIZATION SIMPLE 
GO
ALTER DATABASE [Demka] SET READ_COMMITTED_SNAPSHOT OFF 
GO
ALTER DATABASE [Demka] SET HONOR_BROKER_PRIORITY OFF 
GO
ALTER DATABASE [Demka] SET RECOVERY FULL 
GO
ALTER DATABASE [Demka] SET  MULTI_USER 
GO
ALTER DATABASE [Demka] SET PAGE_VERIFY CHECKSUM  
GO
ALTER DATABASE [Demka] SET DB_CHAINING OFF 
GO
ALTER DATABASE [Demka] SET FILESTREAM( NON_TRANSACTED_ACCESS = OFF ) 
GO
ALTER DATABASE [Demka] SET TARGET_RECOVERY_TIME = 60 SECONDS 
GO
ALTER DATABASE [Demka] SET DELAYED_DURABILITY = DISABLED 
GO
ALTER DATABASE [Demka] SET ACCELERATED_DATABASE_RECOVERY = OFF  
GO
EXEC sys.sp_db_vardecimal_storage_format N'Demka', N'ON'
GO
ALTER DATABASE [Demka] SET QUERY_STORE = OFF
GO
USE [Demka]
GO
/****** Object:  Table [dbo].[Cостав_Заказа]    Script Date: 01.04.2023 11:50:36 ******/
SET ANSI_NULLS ON
GO
SET QUOTED_IDENTIFIER ON
GO
CREATE TABLE [dbo].[Cостав_Заказа](
	[id] [int] NOT NULL,
	[id_заказа] [int] NOT NULL,
	[id_товара] [int] NOT NULL,
	[код_товара] [nvarchar](255) NULL,
	[количество_товара] [int] NOT NULL,
 CONSTRAINT [PK_Cостав_Заказа] PRIMARY KEY CLUSTERED 
(
	[id] ASC
)WITH (PAD_INDEX = OFF, STATISTICS_NORECOMPUTE = OFF, IGNORE_DUP_KEY = OFF, ALLOW_ROW_LOCKS = ON, ALLOW_PAGE_LOCKS = ON, OPTIMIZE_FOR_SEQUENTIAL_KEY = OFF) ON [PRIMARY]
) ON [PRIMARY]
GO
/****** Object:  Table [dbo].[Заказ]    Script Date: 01.04.2023 11:50:36 ******/
SET ANSI_NULLS ON
GO
SET QUOTED_IDENTIFIER ON
GO
CREATE TABLE [dbo].[Заказ](
	[id_заказа] [int] NOT NULL,
	[дата_заказа] [datetime] NULL,
	[дата_доставки] [datetime] NULL,
	[пункт_выдачи] [int] NULL,
	[id_пользователя] [int] NULL,
	[код_для_получения] [nvarchar](255) NULL,
	[статус_заказа] [nvarchar](255) NULL,
 CONSTRAINT [PK_Заказ] PRIMARY KEY CLUSTERED 
(
	[id_заказа] ASC
)WITH (PAD_INDEX = OFF, STATISTICS_NORECOMPUTE = OFF, IGNORE_DUP_KEY = OFF, ALLOW_ROW_LOCKS = ON, ALLOW_PAGE_LOCKS = ON, OPTIMIZE_FOR_SEQUENTIAL_KEY = OFF) ON [PRIMARY]
) ON [PRIMARY]
GO
/****** Object:  Table [dbo].[Категория_Товаров]    Script Date: 01.04.2023 11:50:36 ******/
SET ANSI_NULLS ON
GO
SET QUOTED_IDENTIFIER ON
GO
CREATE TABLE [dbo].[Категория_Товаров](
	[id] [int] IDENTITY(1,1) NOT NULL,
	[категория_товара] [nvarchar](255) NULL,
 CONSTRAINT [PK_Категория_товаров] PRIMARY KEY CLUSTERED 
(
	[id] ASC
)WITH (PAD_INDEX = OFF, STATISTICS_NORECOMPUTE = OFF, IGNORE_DUP_KEY = OFF, ALLOW_ROW_LOCKS = ON, ALLOW_PAGE_LOCKS = ON, OPTIMIZE_FOR_SEQUENTIAL_KEY = OFF) ON [PRIMARY]
) ON [PRIMARY]
GO
/****** Object:  Table [dbo].[Пользователь]    Script Date: 01.04.2023 11:50:36 ******/
SET ANSI_NULLS ON
GO
SET QUOTED_IDENTIFIER ON
GO
CREATE TABLE [dbo].[Пользователь](
	[id] [int] NOT NULL,
	[фио] [nvarchar](255) NULL,
	[логин] [nvarchar](255) NULL,
	[пароль] [nvarchar](255) NULL,
	[тип_пользователя] [int] NOT NULL,
 CONSTRAINT [PK_Пользователь] PRIMARY KEY CLUSTERED 
(
	[id] ASC
)WITH (PAD_INDEX = OFF, STATISTICS_NORECOMPUTE = OFF, IGNORE_DUP_KEY = OFF, ALLOW_ROW_LOCKS = ON, ALLOW_PAGE_LOCKS = ON, OPTIMIZE_FOR_SEQUENTIAL_KEY = OFF) ON [PRIMARY]
) ON [PRIMARY]
GO
/****** Object:  Table [dbo].[Поставщики]    Script Date: 01.04.2023 11:50:36 ******/
SET ANSI_NULLS ON
GO
SET QUOTED_IDENTIFIER ON
GO
CREATE TABLE [dbo].[Поставщики](
	[id] [int] NOT NULL,
	[наименование_компании] [nvarchar](50) NULL,
	[юр_адресс] [nvarchar](50) NULL,
	[инн] [nvarchar](50) NULL,
	[кпп] [nvarchar](50) NULL,
	[фио_директора] [nvarchar](50) NULL,
	[контактные_данные] [nvarchar](50) NULL,
 CONSTRAINT [PK_Поставщики] PRIMARY KEY CLUSTERED 
(
	[id] ASC
)WITH (PAD_INDEX = OFF, STATISTICS_NORECOMPUTE = OFF, IGNORE_DUP_KEY = OFF, ALLOW_ROW_LOCKS = ON, ALLOW_PAGE_LOCKS = ON, OPTIMIZE_FOR_SEQUENTIAL_KEY = OFF) ON [PRIMARY]
) ON [PRIMARY]
GO
/****** Object:  Table [dbo].[Пункты_выдачи]    Script Date: 01.04.2023 11:50:36 ******/
SET ANSI_NULLS ON
GO
SET QUOTED_IDENTIFIER ON
GO
CREATE TABLE [dbo].[Пункты_выдачи](
	[id] [int] NOT NULL,
	[адрес] [nvarchar](255) NULL,
 CONSTRAINT [PK_Пункты_выдачи] PRIMARY KEY CLUSTERED 
(
	[id] ASC
)WITH (PAD_INDEX = OFF, STATISTICS_NORECOMPUTE = OFF, IGNORE_DUP_KEY = OFF, ALLOW_ROW_LOCKS = ON, ALLOW_PAGE_LOCKS = ON, OPTIMIZE_FOR_SEQUENTIAL_KEY = OFF) ON [PRIMARY]
) ON [PRIMARY]
GO
/****** Object:  Table [dbo].[Типы_пользователей]    Script Date: 01.04.2023 11:50:36 ******/
SET ANSI_NULLS ON
GO
SET QUOTED_IDENTIFIER ON
GO
CREATE TABLE [dbo].[Типы_пользователей](
	[id] [int] NOT NULL,
	[Роли] [nvarchar](50) NULL,
 CONSTRAINT [PK_Типы_пользователей] PRIMARY KEY CLUSTERED 
(
	[id] ASC
)WITH (PAD_INDEX = OFF, STATISTICS_NORECOMPUTE = OFF, IGNORE_DUP_KEY = OFF, ALLOW_ROW_LOCKS = ON, ALLOW_PAGE_LOCKS = ON, OPTIMIZE_FOR_SEQUENTIAL_KEY = OFF) ON [PRIMARY]
) ON [PRIMARY]
GO
/****** Object:  Table [dbo].[Товары]    Script Date: 01.04.2023 11:50:36 ******/
SET ANSI_NULLS ON
GO
SET QUOTED_IDENTIFIER ON
GO
CREATE TABLE [dbo].[Товары](
	[id] [int] NOT NULL,
	[Артикул] [nvarchar](255) NULL,
	[наименование] [nvarchar](255) NULL,
	[единица_измерения] [nvarchar](255) NULL,
	[стоимость] [money] NOT NULL,
	[размер_максимально_возможной_скидки] [nvarchar](255) NULL,
	[производитель] [nvarchar](255) NULL,
	[поставщик] [nvarchar](255) NULL,
	[категория_товара] [int] NOT NULL,
	[действующая_скидка] [nvarchar](255) NULL,
	[количество_на_складе] [nvarchar](255) NULL,
	[описание] [nvarchar](255) NULL,
	[изображение] [nvarchar](255) NULL,
 CONSTRAINT [PK_Товары] PRIMARY KEY CLUSTERED 
(
	[id] ASC
)WITH (PAD_INDEX = OFF, STATISTICS_NORECOMPUTE = OFF, IGNORE_DUP_KEY = OFF, ALLOW_ROW_LOCKS = ON, ALLOW_PAGE_LOCKS = ON, OPTIMIZE_FOR_SEQUENTIAL_KEY = OFF) ON [PRIMARY]
) ON [PRIMARY]
GO
INSERT [dbo].[Cостав_Заказа] ([id], [id_заказа], [id_товара], [код_товара], [количество_товара]) VALUES (1, 1, 1, N'K478R4', 10)
GO
INSERT [dbo].[Cостав_Заказа] ([id], [id_заказа], [id_товара], [код_товара], [количество_товара]) VALUES (2, 2, 2, N'S563T4', 2)
GO
INSERT [dbo].[Cостав_Заказа] ([id], [id_заказа], [id_товара], [код_товара], [количество_товара]) VALUES (3, 3, 3, N'K083T5', 11)
GO
INSERT [dbo].[Cостав_Заказа] ([id], [id_заказа], [id_товара], [код_товара], [количество_товара]) VALUES (4, 4, 4, N'B037T5', 1)
GO
INSERT [dbo].[Cостав_Заказа] ([id], [id_заказа], [id_товара], [код_товара], [количество_товара]) VALUES (5, 5, 5, N'R922T5', 7)
GO
INSERT [dbo].[Cостав_Заказа] ([id], [id_заказа], [id_товара], [код_товара], [количество_товара]) VALUES (6, 6, 6, N'V783T5', 1)
GO
INSERT [dbo].[Cостав_Заказа] ([id], [id_заказа], [id_товара], [код_товара], [количество_товара]) VALUES (7, 7, 7, N'H937R3', 1)
GO
INSERT [dbo].[Cостав_Заказа] ([id], [id_заказа], [id_товара], [код_товара], [количество_товара]) VALUES (8, 8, 8, N'F903T5', 4)
GO
INSERT [dbo].[Cостав_Заказа] ([id], [id_заказа], [id_товара], [код_товара], [количество_товара]) VALUES (9, 9, 9, N'R836R5', 1)
GO
INSERT [dbo].[Cостав_Заказа] ([id], [id_заказа], [id_товара], [код_товара], [количество_товара]) VALUES (10, 10, 10, N'D832R2', 5)
GO
INSERT [dbo].[Cостав_Заказа] ([id], [id_заказа], [id_товара], [код_товара], [количество_товара]) VALUES (11, 1, 11, N' F933T5', 5)
GO
INSERT [dbo].[Cостав_Заказа] ([id], [id_заказа], [id_товара], [код_товара], [количество_товара]) VALUES (12, 2, 12, N' D034T5', 6)
GO
INSERT [dbo].[Cостав_Заказа] ([id], [id_заказа], [id_товара], [код_товара], [количество_товара]) VALUES (13, 3, 13, N' D826T5', 11)
GO
INSERT [dbo].[Cостав_Заказа] ([id], [id_заказа], [id_товара], [код_товара], [количество_товара]) VALUES (14, 4, 14, N' D832R2', 5)
GO
INSERT [dbo].[Cостав_Заказа] ([id], [id_заказа], [id_товара], [код_товара], [количество_товара]) VALUES (15, 5, 15, N' D044T5', 5)
GO
INSERT [dbo].[Cостав_Заказа] ([id], [id_заказа], [id_товара], [код_товара], [количество_товара]) VALUES (16, 6, 16, N' F933T5', 5)
GO
INSERT [dbo].[Cостав_Заказа] ([id], [id_заказа], [id_товара], [код_товара], [количество_товара]) VALUES (17, 7, 17, N' S039T5', 3)
GO
INSERT [dbo].[Cостав_Заказа] ([id], [id_заказа], [id_товара], [код_товара], [количество_товара]) VALUES (18, 8, 18, N' F937R4', 3)
GO
INSERT [dbo].[Cостав_Заказа] ([id], [id_заказа], [id_товара], [код_товара], [количество_товара]) VALUES (19, 9, 19, N' D826T5', 2)
GO
INSERT [dbo].[Cостав_Заказа] ([id], [id_заказа], [id_товара], [код_товара], [количество_товара]) VALUES (20, 10, 20, N' D044T5', 2)
GO
INSERT [dbo].[Заказ] ([id_заказа], [дата_заказа], [дата_доставки], [пункт_выдачи], [id_пользователя], [код_для_получения], [статус_заказа]) VALUES (1, CAST(N'2022-05-01T00:00:00.000' AS DateTime), CAST(N'2022-05-07T00:00:00.000' AS DateTime), 2, 4, N'111', N'Новый ')
GO
INSERT [dbo].[Заказ] ([id_заказа], [дата_заказа], [дата_доставки], [пункт_выдачи], [id_пользователя], [код_для_получения], [статус_заказа]) VALUES (2, CAST(N'2022-05-02T00:00:00.000' AS DateTime), CAST(N'2022-05-08T00:00:00.000' AS DateTime), 8, NULL, N'112', N'Новый ')
GO
INSERT [dbo].[Заказ] ([id_заказа], [дата_заказа], [дата_доставки], [пункт_выдачи], [id_пользователя], [код_для_получения], [статус_заказа]) VALUES (3, CAST(N'2022-05-03T00:00:00.000' AS DateTime), CAST(N'2022-05-09T00:00:00.000' AS DateTime), 10, NULL, N'113', N'Новый ')
GO
INSERT [dbo].[Заказ] ([id_заказа], [дата_заказа], [дата_доставки], [пункт_выдачи], [id_пользователя], [код_для_получения], [статус_заказа]) VALUES (4, CAST(N'2022-05-04T00:00:00.000' AS DateTime), CAST(N'2022-05-10T00:00:00.000' AS DateTime), 12, NULL, N'114', N'Завершен')
GO
INSERT [dbo].[Заказ] ([id_заказа], [дата_заказа], [дата_доставки], [пункт_выдачи], [id_пользователя], [код_для_получения], [статус_заказа]) VALUES (5, CAST(N'2022-05-05T00:00:00.000' AS DateTime), CAST(N'2022-05-11T00:00:00.000' AS DateTime), 15, NULL, N'115', N'Новый ')
GO
INSERT [dbo].[Заказ] ([id_заказа], [дата_заказа], [дата_доставки], [пункт_выдачи], [id_пользователя], [код_для_получения], [статус_заказа]) VALUES (6, CAST(N'2022-05-06T00:00:00.000' AS DateTime), CAST(N'2022-05-12T00:00:00.000' AS DateTime), 18, 36, N'116', N'Новый ')
GO
INSERT [dbo].[Заказ] ([id_заказа], [дата_заказа], [дата_доставки], [пункт_выдачи], [id_пользователя], [код_для_получения], [статус_заказа]) VALUES (7, CAST(N'2022-05-07T00:00:00.000' AS DateTime), CAST(N'2022-05-13T00:00:00.000' AS DateTime), 20, NULL, N'117', N'Завершен')
GO
INSERT [dbo].[Заказ] ([id_заказа], [дата_заказа], [дата_доставки], [пункт_выдачи], [id_пользователя], [код_для_получения], [статус_заказа]) VALUES (8, CAST(N'2022-05-08T00:00:00.000' AS DateTime), CAST(N'2022-05-14T00:00:00.000' AS DateTime), 25, NULL, N'118', N'Новый ')
GO
INSERT [dbo].[Заказ] ([id_заказа], [дата_заказа], [дата_доставки], [пункт_выдачи], [id_пользователя], [код_для_получения], [статус_заказа]) VALUES (9, CAST(N'2022-05-09T00:00:00.000' AS DateTime), CAST(N'2022-05-15T00:00:00.000' AS DateTime), 30, NULL, N'119', N'Завершен')
GO
INSERT [dbo].[Заказ] ([id_заказа], [дата_заказа], [дата_доставки], [пункт_выдачи], [id_пользователя], [код_для_получения], [статус_заказа]) VALUES (10, CAST(N'2022-05-10T00:00:00.000' AS DateTime), CAST(N'2022-05-16T00:00:00.000' AS DateTime), 36, 40, N'120', N'Новый ')
GO
SET IDENTITY_INSERT [dbo].[Категория_Товаров] ON 
GO
INSERT [dbo].[Категория_Товаров] ([id], [категория_товара]) VALUES (1, N'Ароматы для дома')
GO
INSERT [dbo].[Категория_Товаров] ([id], [категория_товара]) VALUES (2, N'Вазы')
GO
INSERT [dbo].[Категория_Товаров] ([id], [категория_товара]) VALUES (3, N'Горшки и подставки')
GO
INSERT [dbo].[Категория_Товаров] ([id], [категория_товара]) VALUES (4, N'Интерьерные аксессуары')
GO
INSERT [dbo].[Категория_Товаров] ([id], [категория_товара]) VALUES (5, N'Картины и фоторамки')
GO
INSERT [dbo].[Категория_Товаров] ([id], [категория_товара]) VALUES (6, N'Свечи')
GO
INSERT [dbo].[Категория_Товаров] ([id], [категория_товара]) VALUES (7, N'Часы')
GO
INSERT [dbo].[Категория_Товаров] ([id], [категория_товара]) VALUES (8, N'Шкатулки и подставки')
GO
SET IDENTITY_INSERT [dbo].[Категория_Товаров] OFF
GO
INSERT [dbo].[Пользователь] ([id], [фио], [логин], [пароль], [тип_пользователя]) VALUES (1, N'Алексеев  Владислав Аркадьевич', N'loginDEbct2018', N'Qg3gff', 2)
GO
INSERT [dbo].[Пользователь] ([id], [фио], [логин], [пароль], [тип_пользователя]) VALUES (2, N'Савельева  Евфросиния Арсеньевна', N'loginDEvtg2018', N'ETMNzL', 1)
GO
INSERT [dbo].[Пользователь] ([id], [фио], [логин], [пароль], [тип_пользователя]) VALUES (3, N'Никонов  Мэлс Лукьевич', N'loginDEuro2018', N'a1MIcO', 2)
GO
INSERT [dbo].[Пользователь] ([id], [фио], [логин], [пароль], [тип_пользователя]) VALUES (4, N'Горшкова  Агафья Онисимовна', N'loginDEpst2018', N'0CyGnX', 2)
GO
INSERT [dbo].[Пользователь] ([id], [фио], [логин], [пароль], [тип_пользователя]) VALUES (5, N'Горбачёв  Пантелеймон Германович', N'loginDEpsu2018', N'Vx9cQ{', 3)
GO
INSERT [dbo].[Пользователь] ([id], [фио], [логин], [пароль], [тип_пользователя]) VALUES (6, N'Ершова  Иванна Максимовна', N'loginDEzqs2018', N'qM9p7i', 3)
GO
INSERT [dbo].[Пользователь] ([id], [фио], [логин], [пароль], [тип_пользователя]) VALUES (7, N'Туров  Денис Геласьевич', N'loginDEioe2018', N'yMPu&2', 3)
GO
INSERT [dbo].[Пользователь] ([id], [фио], [логин], [пароль], [тип_пользователя]) VALUES (8, N'Носова  Наина Эдуардовна', N'loginDEcmk2018', N'3f+b0+', 1)
GO
INSERT [dbo].[Пользователь] ([id], [фио], [логин], [пароль], [тип_пользователя]) VALUES (9, N'Куликов  Андрей Святославович', N'loginDEfsp2018', N'&dtlI+', 2)
GO
INSERT [dbo].[Пользователь] ([id], [фио], [логин], [пароль], [тип_пользователя]) VALUES (10, N'Нестеров  Агафон Георгьевич', N'loginDExcd2018', N'SZXZNL', 2)
GO
INSERT [dbo].[Пользователь] ([id], [фио], [логин], [пароль], [тип_пользователя]) VALUES (11, N'Козлов  Геласий Христофорович', N'loginDEvlf2018', N'O5mXc2', 3)
GO
INSERT [dbo].[Пользователь] ([id], [фио], [логин], [пароль], [тип_пользователя]) VALUES (12, N'Борисова  Анжелика Анатольевна', N'loginDEanv2018', N'Xiq}M3', 1)
GO
INSERT [dbo].[Пользователь] ([id], [фио], [логин], [пароль], [тип_пользователя]) VALUES (13, N'Суханов  Станислав Фролович', N'loginDEzde2018', N'tlO3x&', 3)
GO
INSERT [dbo].[Пользователь] ([id], [фио], [логин], [пароль], [тип_пользователя]) VALUES (14, N'Тетерина  Феврония Эдуардовна', N'loginDEriv2018', N'GJ2mHL', 3)
GO
INSERT [dbo].[Пользователь] ([id], [фио], [логин], [пароль], [тип_пользователя]) VALUES (15, N'Муравьёва  Александра Ростиславовна', N'loginDEhcp2018', N'n2nfRl', 3)
GO
INSERT [dbo].[Пользователь] ([id], [фио], [логин], [пароль], [тип_пользователя]) VALUES (16, N'Новикова  Лукия Ярославовна', N'loginDEwjv2018', N'ZfseKA', 3)
GO
INSERT [dbo].[Пользователь] ([id], [фио], [логин], [пароль], [тип_пользователя]) VALUES (17, N'Агафонова  Лариса Михаиловна', N'loginDEiry2018', N'5zu7+}', 3)
GO
INSERT [dbo].[Пользователь] ([id], [фио], [логин], [пароль], [тип_пользователя]) VALUES (18, N'Сергеева  Агата Юрьевна', N'loginDEgbr2018', N'}+Ex1*', 3)
GO
INSERT [dbo].[Пользователь] ([id], [фио], [логин], [пароль], [тип_пользователя]) VALUES (19, N'Колобова  Елена Евгеньевна', N'loginDExxv2018', N'+daE|T', 3)
GO
INSERT [dbo].[Пользователь] ([id], [фио], [логин], [пароль], [тип_пользователя]) VALUES (20, N'Ситников  Николай Филатович', N'loginDEbto2018', N'b1iYMI', 2)
GO
INSERT [dbo].[Пользователь] ([id], [фио], [логин], [пароль], [тип_пользователя]) VALUES (21, N'Белов  Роман Иринеевич', N'loginDEfbs2018', N'v90Rep', 3)
GO
INSERT [dbo].[Пользователь] ([id], [фио], [логин], [пароль], [тип_пользователя]) VALUES (22, N'Волкова  Алла Лукьевна', N'loginDEple2018', N'WlW+l8', 1)
GO
INSERT [dbo].[Пользователь] ([id], [фио], [логин], [пароль], [тип_пользователя]) VALUES (23, N'Кудрявцева  Таисия Игоревна', N'loginDEhhx2018', N'hmCHeQ', 3)
GO
INSERT [dbo].[Пользователь] ([id], [фио], [логин], [пароль], [тип_пользователя]) VALUES (24, N'Семёнова  Октябрина Христофоровна', N'loginDEayn2018', N'Ka2Fok', 3)
GO
INSERT [dbo].[Пользователь] ([id], [фио], [логин], [пароль], [тип_пользователя]) VALUES (25, N'Смирнов  Сергей Яковович', N'loginDEwld2018', N'y9HStF', 3)
GO
INSERT [dbo].[Пользователь] ([id], [фио], [логин], [пароль], [тип_пользователя]) VALUES (26, N'Брагина  Алина Валерьевна', N'loginDEhuu2018', N'X31OEf', 2)
GO
INSERT [dbo].[Пользователь] ([id], [фио], [логин], [пароль], [тип_пользователя]) VALUES (27, N'Евсеев  Игорь Донатович', N'loginDEmjb2018', N'5mm{ch', 3)
GO
INSERT [dbo].[Пользователь] ([id], [фио], [логин], [пароль], [тип_пользователя]) VALUES (28, N'Суворов  Илья Евсеевич', N'loginDEdgp2018', N'1WfJjo', 3)
GO
INSERT [dbo].[Пользователь] ([id], [фио], [логин], [пароль], [тип_пользователя]) VALUES (29, N'Котов  Денис Мартынович', N'loginDEgyi2018', N'|7nYPc', 1)
GO
INSERT [dbo].[Пользователь] ([id], [фио], [логин], [пароль], [тип_пользователя]) VALUES (30, N'Бобылёва  Юлия Егоровна', N'loginDEmvn2018', N'Mrr9e0', 2)
GO
INSERT [dbo].[Пользователь] ([id], [фио], [логин], [пароль], [тип_пользователя]) VALUES (31, N'Брагин  Бронислав Георгьевич', N'loginDEfoj2018', N'nhGc+D', 1)
GO
INSERT [dbo].[Пользователь] ([id], [фио], [логин], [пароль], [тип_пользователя]) VALUES (32, N'Александров  Владимир Дамирович', N'loginDEuuo2018', N'42XmH1', 2)
GO
INSERT [dbo].[Пользователь] ([id], [фио], [логин], [пароль], [тип_пользователя]) VALUES (33, N'Фокин  Ириней Ростиславович', N'loginDEhsj2018', N's+jrMW', 2)
GO
INSERT [dbo].[Пользователь] ([id], [фио], [логин], [пароль], [тип_пользователя]) VALUES (34, N'Воронов  Митрофан Антонович', N'loginDEvht2018', N'zMyS8Z', 2)
GO
INSERT [dbo].[Пользователь] ([id], [фио], [логин], [пароль], [тип_пользователя]) VALUES (35, N'Маслов  Мстислав Антонинович', N'loginDEeqo2018', N'l5CBqA', 2)
GO
INSERT [dbo].[Пользователь] ([id], [фио], [логин], [пароль], [тип_пользователя]) VALUES (36, N'Щербаков  Георгий Богданович', N'loginDExrf2018', N'mhpRIT', 2)
GO
INSERT [dbo].[Пользователь] ([id], [фио], [логин], [пароль], [тип_пользователя]) VALUES (37, N'Кириллова  Эмилия Федосеевна', N'loginDEfku2018', N'a1m+8c', 3)
GO
INSERT [dbo].[Пользователь] ([id], [фио], [логин], [пароль], [тип_пользователя]) VALUES (38, N'Васильев  Серапион Макарович', N'loginDExix2018', N'hzxtnn', 1)
GO
INSERT [dbo].[Пользователь] ([id], [фио], [логин], [пароль], [тип_пользователя]) VALUES (39, N'Галкина  Олимпиада Владленовна', N'loginDEqrf2018', N'mI8n58', 3)
GO
INSERT [dbo].[Пользователь] ([id], [фио], [логин], [пароль], [тип_пользователя]) VALUES (40, N'Яковлева  Ксения Онисимовна', N'loginDEhlk2018', N'g0jSed', 2)
GO
INSERT [dbo].[Пользователь] ([id], [фио], [логин], [пароль], [тип_пользователя]) VALUES (41, N'Калашникова  Александра Владимировна', N'loginDEwoe2018', N'yOtw2F', 1)
GO
INSERT [dbo].[Пользователь] ([id], [фио], [логин], [пароль], [тип_пользователя]) VALUES (42, N'Медведьева  Таисия Тихоновна', N'loginDExyu2018', N'7Fg}9p', 2)
GO
INSERT [dbo].[Пользователь] ([id], [фио], [логин], [пароль], [тип_пользователя]) VALUES (43, N'Карпова  Ольга Лукьевна', N'loginDEcor2018', N'2cIrC8', 2)
GO
INSERT [dbo].[Пользователь] ([id], [фио], [логин], [пароль], [тип_пользователя]) VALUES (44, N'Герасимов  Мстислав Дамирович', N'loginDEqon2018', N'YeFbh6', 3)
GO
INSERT [dbo].[Пользователь] ([id], [фио], [логин], [пароль], [тип_пользователя]) VALUES (45, N'Тимофеева  Ксения Валерьевна', N'loginDEyfd2018', N'8aKdb0', 2)
GO
INSERT [dbo].[Пользователь] ([id], [фио], [логин], [пароль], [тип_пользователя]) VALUES (46, N'Горбунов  Вячеслав Станиславович', N'loginDEtto2018', N'qXYDuu', 3)
GO
INSERT [dbo].[Пользователь] ([id], [фио], [логин], [пароль], [тип_пользователя]) VALUES (47, N'Кошелева  Кира Владиславовна', N'loginDEdal2018', N'cJWXL0', 3)
GO
INSERT [dbo].[Пользователь] ([id], [фио], [логин], [пароль], [тип_пользователя]) VALUES (48, N'Панфилова  Марина Борисовна', N'loginDEbjs2018', N'Xap2ct', 3)
GO
INSERT [dbo].[Пользователь] ([id], [фио], [логин], [пароль], [тип_пользователя]) VALUES (49, N'Кудрявцев  Матвей Игоревич', N'loginDEdof2018', N'kD|LRU', 3)
GO
INSERT [dbo].[Пользователь] ([id], [фио], [логин], [пароль], [тип_пользователя]) VALUES (50, N'Зуев  Эдуард Пантелеймонович', N'loginDEsnh2018', N'hgloiuy', 3)
GO
INSERT [dbo].[Пользователь] ([id], [фио], [логин], [пароль], [тип_пользователя]) VALUES (51, N'Архипова Оливия Дмитриевна', N'loginkjusnh2018', N'jhguiy', 2)
GO
INSERT [dbo].[Пользователь] ([id], [фио], [логин], [пароль], [тип_пользователя]) VALUES (52, N'Никонова Татьяна Захаровна', N'loginpebsnh2018', N'kjhlkjh', 2)
GO
INSERT [dbo].[Пользователь] ([id], [фио], [логин], [пароль], [тип_пользователя]) VALUES (53, N'Рябова Диана Павловна', N'loginlllsnh2018', N'iuyivgb', 2)
GO
INSERT [dbo].[Пункты_выдачи] ([id], [адрес]) VALUES (1, N'344288, г. Ковров, ул. Чехова, 1')
GO
INSERT [dbo].[Пункты_выдачи] ([id], [адрес]) VALUES (2, N'614164, г.Ковров,  ул. Степная, 30')
GO
INSERT [dbo].[Пункты_выдачи] ([id], [адрес]) VALUES (3, N'394242, г. Ковров, ул. Коммунистическая, 43')
GO
INSERT [dbo].[Пункты_выдачи] ([id], [адрес]) VALUES (4, N'660540, г. Ковров, ул. Солнечная, 25')
GO
INSERT [dbo].[Пункты_выдачи] ([id], [адрес]) VALUES (5, N'125837, г. Ковров, ул. Шоссейная, 40')
GO
INSERT [dbo].[Пункты_выдачи] ([id], [адрес]) VALUES (6, N'125703, г. Ковров, ул. Партизанская, 49')
GO
INSERT [dbo].[Пункты_выдачи] ([id], [адрес]) VALUES (7, N'625283, г. Ковров, ул. Победы, 46')
GO
INSERT [dbo].[Пункты_выдачи] ([id], [адрес]) VALUES (8, N'614611, г. Ковров, ул. Молодежная, 50')
GO
INSERT [dbo].[Пункты_выдачи] ([id], [адрес]) VALUES (9, N'454311, г.Ковров, ул. Новая, 19')
GO
INSERT [dbo].[Пункты_выдачи] ([id], [адрес]) VALUES (10, N'660007, г.Ковров, ул. Октябрьская, 19')
GO
INSERT [dbo].[Пункты_выдачи] ([id], [адрес]) VALUES (11, N'603036, г. Ковров, ул. Садовая, 4')
GO
INSERT [dbo].[Пункты_выдачи] ([id], [адрес]) VALUES (12, N'450983, г.Ковров, ул. Комсомольская, 26')
GO
INSERT [dbo].[Пункты_выдачи] ([id], [адрес]) VALUES (13, N'394782, г. Ковров, ул. Чехова, 3')
GO
INSERT [dbo].[Пункты_выдачи] ([id], [адрес]) VALUES (14, N'603002, г. Ковров, ул. Дзержинского, 28')
GO
INSERT [dbo].[Пункты_выдачи] ([id], [адрес]) VALUES (15, N'450558, г. Ковров, ул. Набережная, 30')
GO
INSERT [dbo].[Пункты_выдачи] ([id], [адрес]) VALUES (16, N'394060, г.Ковров, ул. Фрунзе, 43')
GO
INSERT [dbo].[Пункты_выдачи] ([id], [адрес]) VALUES (17, N'410661, г. Ковров, ул. Школьная, 50')
GO
INSERT [dbo].[Пункты_выдачи] ([id], [адрес]) VALUES (18, N'625590, г. Ковров, ул. Коммунистическая, 20')
GO
INSERT [dbo].[Пункты_выдачи] ([id], [адрес]) VALUES (19, N'625683, г. Ковров, ул. 8 Марта')
GO
INSERT [dbo].[Пункты_выдачи] ([id], [адрес]) VALUES (20, N'400562, г. Ковров, ул. Зеленая, 32')
GO
INSERT [dbo].[Пункты_выдачи] ([id], [адрес]) VALUES (21, N'614510, г. Ковров, ул. Маяковского, 47')
GO
INSERT [dbo].[Пункты_выдачи] ([id], [адрес]) VALUES (22, N'410542, г. Ковров, ул. Светлая, 46')
GO
INSERT [dbo].[Пункты_выдачи] ([id], [адрес]) VALUES (23, N'620839, г. Ковров, ул. Цветочная, 8')
GO
INSERT [dbo].[Пункты_выдачи] ([id], [адрес]) VALUES (24, N'443890, г. Ковров, ул. Коммунистическая, 1')
GO
INSERT [dbo].[Пункты_выдачи] ([id], [адрес]) VALUES (25, N'603379, г. Ковров, ул. Спортивная, 46')
GO
INSERT [dbo].[Пункты_выдачи] ([id], [адрес]) VALUES (26, N'603721, г. Ковров, ул. Гоголя, 41')
GO
INSERT [dbo].[Пункты_выдачи] ([id], [адрес]) VALUES (27, N'410172, г. Ковров, ул. Северная, 13')
GO
INSERT [dbo].[Пункты_выдачи] ([id], [адрес]) VALUES (28, N'420151, г. Ковров, ул. Вишневая, 32')
GO
INSERT [dbo].[Пункты_выдачи] ([id], [адрес]) VALUES (29, N'125061, г. Ковров, ул. Подгорная, 8')
GO
INSERT [dbo].[Пункты_выдачи] ([id], [адрес]) VALUES (30, N'630370, г. Ковров, ул. Шоссейная, 24')
GO
INSERT [dbo].[Пункты_выдачи] ([id], [адрес]) VALUES (31, N'614753, г. Ковров, ул. Полевая, 35')
GO
INSERT [dbo].[Пункты_выдачи] ([id], [адрес]) VALUES (32, N'426030, г. Ковров, ул. Маяковского, 44')
GO
INSERT [dbo].[Пункты_выдачи] ([id], [адрес]) VALUES (33, N'450375, г. Ковров ул. Клубная, 44')
GO
INSERT [dbo].[Пункты_выдачи] ([id], [адрес]) VALUES (34, N'625560, г. Ковров, ул. Некрасова, 12')
GO
INSERT [dbo].[Пункты_выдачи] ([id], [адрес]) VALUES (35, N'630201, г. Ковров, ул. Комсомольская, 17')
GO
INSERT [dbo].[Пункты_выдачи] ([id], [адрес]) VALUES (36, N'190949, г. Ковров, ул. Мичурина, 26')
GO
INSERT [dbo].[Типы_пользователей] ([id], [Роли]) VALUES (1, N'Администратор')
GO
INSERT [dbo].[Типы_пользователей] ([id], [Роли]) VALUES (2, N'Клиент')
GO
INSERT [dbo].[Типы_пользователей] ([id], [Роли]) VALUES (3, N'Менеджер')
GO
INSERT [dbo].[Товары] ([id], [Артикул], [наименование], [единица_измерения], [стоимость], [размер_максимально_возможной_скидки], [производитель], [поставщик], [категория_товара], [действующая_скидка], [количество_на_складе], [описание], [изображение]) VALUES (1, N'K478R4', N'Аромат', N'шт.', 3500.0000, N'30', N'Esteban', N'Стокманн', 1, N'4', N'4', N'Аромат для декобукета Esteban', N'K478R4.jpg')
GO
INSERT [dbo].[Товары] ([id], [Артикул], [наименование], [единица_измерения], [стоимость], [размер_максимально_возможной_скидки], [производитель], [поставщик], [категория_товара], [действующая_скидка], [количество_на_складе], [описание], [изображение]) VALUES (2, N'V783T5', N'Ваза', N'шт.', 1300.0000, N'25', N'Home Philosophy', N'Стокманн', 2, N'2', N'13', N'Ваза из керамики Betty', N'V783T5.jpg')
GO
INSERT [dbo].[Товары] ([id], [Артикул], [наименование], [единица_измерения], [стоимость], [размер_максимально_возможной_скидки], [производитель], [поставщик], [категория_товара], [действующая_скидка], [количество_на_складе], [описание], [изображение]) VALUES (3, N'V483R7', N'Ваза', N'шт.', 100.0000, N'15', N'Весна', N'Hoff', 2, N'3', N'7', N'Ваза «Весна» 18 см стекло, цвет прозрачный', N'V483R7.jpg')
GO
INSERT [dbo].[Товары] ([id], [Артикул], [наименование], [единица_измерения], [стоимость], [размер_максимально_возможной_скидки], [производитель], [поставщик], [категория_товара], [действующая_скидка], [количество_на_складе], [описание], [изображение]) VALUES (4, N'S563T4', N'Свеча', N'шт.', 1000.0000, N'20', N'True Scents', N'Hoff', 6, N'3', N'12', N'Свеча в стакане True Scents', N'S563T4.jpg')
GO
INSERT [dbo].[Товары] ([id], [Артикул], [наименование], [единица_измерения], [стоимость], [размер_максимально_возможной_скидки], [производитель], [поставщик], [категория_товара], [действующая_скидка], [количество_на_складе], [описание], [изображение]) VALUES (5, N'P927R2', N'Подставка', N'шт.', 4000.0000, N'15', N'Valley', N'Стокманн', 3, N'2', N'4', N'Подставка для цветочных горшков Valley', N'P927R2.jpg')
GO
INSERT [dbo].[Товары] ([id], [Артикул], [наименование], [единица_измерения], [стоимость], [размер_максимально_возможной_скидки], [производитель], [поставщик], [категория_товара], [действующая_скидка], [количество_на_складе], [описание], [изображение]) VALUES (6, N'F933T5', N'Кашпо', N'шт.', 1400.0000, N'20', N'Cube Color', N'Hoff', 3, N'4', N'23', N'Настольное кашпо с автополивом Cube Color', N'F933T5.jpg')
GO
INSERT [dbo].[Товары] ([id], [Артикул], [наименование], [единица_измерения], [стоимость], [размер_максимально_возможной_скидки], [производитель], [поставщик], [категория_товара], [действующая_скидка], [количество_на_складе], [описание], [изображение]) VALUES (7, N'H023R8', N'Часы', N'шт.', 5600.0000, N'15', N'Umbra', N'Стокманн', 7, N'2', N'6', N'Часы настенные Ribbon 30,5 см', N'H023R8.jpg')
GO
INSERT [dbo].[Товары] ([id], [Артикул], [наименование], [единица_измерения], [стоимость], [размер_максимально_возможной_скидки], [производитель], [поставщик], [категория_товара], [действующая_скидка], [количество_на_складе], [описание], [изображение]) VALUES (8, N'H937R3', N'Часы', N'шт.', 999.0000, N'10', N'Umbra', N'Hoff', 7, N'3', N'4', N'Часы настенные 6500 30,2 см', N'H937R3.jpg')
GO
INSERT [dbo].[Товары] ([id], [Артикул], [наименование], [единица_измерения], [стоимость], [размер_максимально_возможной_скидки], [производитель], [поставщик], [категория_товара], [действующая_скидка], [количество_на_складе], [описание], [изображение]) VALUES (9, N'D034T5', N'Диффузор', N'шт.', 800.0000, N'20', N'Miksdo', N'Hoff', 1, N'2', N'15', N'Диффузор Mikado intense Апельсин с корицей', N'D034T5.jpg')
GO
INSERT [dbo].[Товары] ([id], [Артикул], [наименование], [единица_измерения], [стоимость], [размер_максимально_возможной_скидки], [производитель], [поставщик], [категория_товара], [действующая_скидка], [количество_на_складе], [описание], [изображение]) VALUES (10, N'P936E4', N'Подставка', N'шт.', 3590.0000, N'15', N'Umbra', N'Стокманн', 3, N'4', N'9', N'Подставка для газет и журналов Zina', N'P936E4.jpg')
GO
INSERT [dbo].[Товары] ([id], [Артикул], [наименование], [единица_измерения], [стоимость], [размер_максимально_возможной_скидки], [производитель], [поставщик], [категория_товара], [действующая_скидка], [количество_на_складе], [описание], [изображение]) VALUES (11, N'K937T4', N'Аромат', N'шт.', 7900.0000, N'25', N'Esteban', N'Стокманн', 1, N'2', N'17', N'Деко-букет Кедр 250 мл', NULL)
GO
INSERT [dbo].[Товары] ([id], [Артикул], [наименование], [единица_измерения], [стоимость], [размер_максимально_возможной_скидки], [производитель], [поставщик], [категория_товара], [действующая_скидка], [количество_на_складе], [описание], [изображение]) VALUES (12, N'P846R4', N'Подставка', N'шт.', 1400.0000, N'15', N'Valley', N'Стокманн', 3, N'3', N'12', N'Подставка для цветочных горшков 55x25x35 см Valley', NULL)
GO
INSERT [dbo].[Товары] ([id], [Артикул], [наименование], [единица_измерения], [стоимость], [размер_максимально_возможной_скидки], [производитель], [поставщик], [категория_товара], [действующая_скидка], [количество_на_складе], [описание], [изображение]) VALUES (13, N'S039T5', N'Свеча', N'шт.', 250.0000, N'10', N'True Scents', N'Hoff', 6, N'2', N'18', N'Свеча True Moods Feel happy', NULL)
GO
INSERT [dbo].[Товары] ([id], [Артикул], [наименование], [единица_измерения], [стоимость], [размер_максимально_возможной_скидки], [производитель], [поставщик], [категория_товара], [действующая_скидка], [количество_на_складе], [описание], [изображение]) VALUES (14, N'D947R5', N'Диффузор', N'шт.', 500.0000, N'5', N'Aroma', N'Hoff', 1, N'4', N'6', N'Диффузор Aroma Harmony Lavender', NULL)
GO
INSERT [dbo].[Товары] ([id], [Артикул], [наименование], [единица_измерения], [стоимость], [размер_максимально_возможной_скидки], [производитель], [поставщик], [категория_товара], [действующая_скидка], [количество_на_складе], [описание], [изображение]) VALUES (15, N'F903T5', N'Фоторамка', N'шт.', 600.0000, N'15', N'Gallery', N'Hoff', 5, N'2', N'3', N'Фоторамка Gallery 20х30 см', NULL)
GO
INSERT [dbo].[Товары] ([id], [Артикул], [наименование], [единица_измерения], [стоимость], [размер_максимально_возможной_скидки], [производитель], [поставщик], [категория_товара], [действующая_скидка], [количество_на_складе], [описание], [изображение]) VALUES (16, N'S937T5', N'Подсвечник', N'шт.', 2600.0000, N'10', N'Kersten', N'Стокманн', 1, N'3', N'23', N'Подсвечник 37 см', NULL)
GO
INSERT [dbo].[Товары] ([id], [Артикул], [наименование], [единица_измерения], [стоимость], [размер_максимально_возможной_скидки], [производитель], [поставщик], [категория_товара], [действующая_скидка], [количество_на_складе], [описание], [изображение]) VALUES (17, N'R836R5', N'Шкатулка', N'шт.', 8000.0000, N'30', N'Umbra', N'Стокманн', 8, N'5', N'3', N'Шкатулка для украшений из дерева Stowit', NULL)
GO
INSERT [dbo].[Товары] ([id], [Артикул], [наименование], [единица_измерения], [стоимость], [размер_максимально_возможной_скидки], [производитель], [поставщик], [категория_товара], [действующая_скидка], [количество_на_складе], [описание], [изображение]) VALUES (18, N'F837T5', N'Фоторамка', N'шт.', 999.0000, N'5', N'Gallery', N'Hoff', 5, N'2', N'15', N'Шкатулка для украшений из дерева Stowit', NULL)
GO
INSERT [dbo].[Товары] ([id], [Артикул], [наименование], [единица_измерения], [стоимость], [размер_максимально_возможной_скидки], [производитель], [поставщик], [категория_товара], [действующая_скидка], [количество_на_складе], [описание], [изображение]) VALUES (19, N'V432R6', N'Ваза', N'шт.', 1990.0000, N'10', N'Kersten', N'Стокманн', 2, N'3', N'30', N'Ваза из фаянса 28,00 x 9,50 x 9,50 см', NULL)
GO
INSERT [dbo].[Товары] ([id], [Артикул], [наименование], [единица_измерения], [стоимость], [размер_максимально_возможной_скидки], [производитель], [поставщик], [категория_товара], [действующая_скидка], [количество_на_складе], [описание], [изображение]) VALUES (20, N'F928T5', N'Фоторамка', N'шт.', 1590.0000, N'25', N'Umbra', N'Стокманн', 5, N'2', N'13', N'Фоторамка Prisma 10х10 см', NULL)
GO
INSERT [dbo].[Товары] ([id], [Артикул], [наименование], [единица_измерения], [стоимость], [размер_максимально_возможной_скидки], [производитель], [поставщик], [категория_товара], [действующая_скидка], [количество_на_складе], [описание], [изображение]) VALUES (21, N'F937R4', N'Фоторамка', N'шт.', 359.0000, N'15', N'Gallery', N'Hoff', 5, N'4', N'17', N'Фоторамка 10х15 см Gallery серый с патиной/золотой', NULL)
GO
INSERT [dbo].[Товары] ([id], [Артикул], [наименование], [единица_измерения], [стоимость], [размер_максимально_возможной_скидки], [производитель], [поставщик], [категория_товара], [действующая_скидка], [количество_на_складе], [описание], [изображение]) VALUES (22, N'K083T5', N'Аромат', N'шт.', 2790.0000, N'20', N'Esteban', N'Стокманн', 1, N'2', N'6', N'Сменный аромат Figue noire 250 мл', NULL)
GO
INSERT [dbo].[Товары] ([id], [Артикул], [наименование], [единица_измерения], [стоимость], [размер_максимально_возможной_скидки], [производитель], [поставщик], [категория_товара], [действующая_скидка], [количество_на_складе], [описание], [изображение]) VALUES (23, N'V937E4', N'Ваза', N'шт.', 1999.0000, N'15', N'Kersten', N'Hoff', 2, N'3', N'21', N'Ваза 18H2535S 30,5 см', NULL)
GO
INSERT [dbo].[Товары] ([id], [Артикул], [наименование], [единица_измерения], [стоимость], [размер_максимально_возможной_скидки], [производитель], [поставщик], [категория_товара], [действующая_скидка], [количество_на_складе], [описание], [изображение]) VALUES (24, N'R922T5', N'Шкатулка', N'шт.', 690.0000, N'10', N'Home Philosophy', N'Стокманн', 8, N'2', N'4', N'Шкатулка из керамики Lana 6х7 см', NULL)
GO
INSERT [dbo].[Товары] ([id], [Артикул], [наименование], [единица_измерения], [стоимость], [размер_максимально_возможной_скидки], [производитель], [поставщик], [категория_товара], [действующая_скидка], [количество_на_складе], [описание], [изображение]) VALUES (25, N'B025Y5', N'Блюдо', N'шт.', 1890.0000, N'5', N'Home Philosophy', N'Стокманн', 4, N'3', N'8', N'Блюдо декоративное flower 35 см Home Philosophy', NULL)
GO
INSERT [dbo].[Товары] ([id], [Артикул], [наименование], [единица_измерения], [стоимость], [размер_максимально_возможной_скидки], [производитель], [поставщик], [категория_товара], [действующая_скидка], [количество_на_складе], [описание], [изображение]) VALUES (26, N'D826T5', N'Диффузор', N'шт.', 600.0000, N'5', N'True Scents', N'Hoff', 1, N'2', N'13', N'Диффузор True Scents 45 мл манго', NULL)
GO
INSERT [dbo].[Товары] ([id], [Артикул], [наименование], [единица_измерения], [стоимость], [размер_максимально_возможной_скидки], [производитель], [поставщик], [категория_товара], [действующая_скидка], [количество_на_складе], [описание], [изображение]) VALUES (27, N'S936Y5', N'Свеча', N'шт.', 299.0000, N'15', N'True Scents', N'Hoff', 1, N'3', N'4', N'Свеча в стакане True Scents', NULL)
GO
INSERT [dbo].[Товары] ([id], [Артикул], [наименование], [единица_измерения], [стоимость], [размер_максимально_возможной_скидки], [производитель], [поставщик], [категория_товара], [действующая_скидка], [количество_на_складе], [описание], [изображение]) VALUES (28, N'B037T5', N'Блюдо', N'шт.', 690.0000, N'5', N'Home Philosophy', N'Стокманн', 4, N'2', N'14', N'Блюдо декоративное Flower 35 см', NULL)
GO
INSERT [dbo].[Товары] ([id], [Артикул], [наименование], [единица_измерения], [стоимость], [размер_максимально_возможной_скидки], [производитель], [поставщик], [категория_товара], [действующая_скидка], [количество_на_складе], [описание], [изображение]) VALUES (29, N'D832R2', N'Растение', N'шт.', 1000.0000, N'10', N'Home Philosophy', N'Стокманн', 4, N'3', N'15', N'Декоративное растение 102 см', NULL)
GO
INSERT [dbo].[Товары] ([id], [Артикул], [наименование], [единица_измерения], [стоимость], [размер_максимально_возможной_скидки], [производитель], [поставщик], [категория_товара], [действующая_скидка], [количество_на_складе], [описание], [изображение]) VALUES (30, N'D044T5', N'Декор настенный', N'шт.', 1790.0000, N'5', N'Home Philosophy', N'Стокманн', 4, N'3', N'7', N'Декор настенный Фантазия 45х45х1 см', NULL)
GO
ALTER TABLE [dbo].[Cостав_Заказа]  WITH CHECK ADD  CONSTRAINT [FK_Cостав_Заказа_Заказ] FOREIGN KEY([id_заказа])
REFERENCES [dbo].[Заказ] ([id_заказа])
GO
ALTER TABLE [dbo].[Cостав_Заказа] CHECK CONSTRAINT [FK_Cостав_Заказа_Заказ]
GO
ALTER TABLE [dbo].[Cостав_Заказа]  WITH CHECK ADD  CONSTRAINT [FK_Cостав_Заказа_Товары] FOREIGN KEY([id_товара])
REFERENCES [dbo].[Товары] ([id])
GO
ALTER TABLE [dbo].[Cостав_Заказа] CHECK CONSTRAINT [FK_Cостав_Заказа_Товары]
GO
ALTER TABLE [dbo].[Заказ]  WITH CHECK ADD  CONSTRAINT [FK_Заказ_Пользователь] FOREIGN KEY([id_пользователя])
REFERENCES [dbo].[Пользователь] ([id])
GO
ALTER TABLE [dbo].[Заказ] CHECK CONSTRAINT [FK_Заказ_Пользователь]
GO
ALTER TABLE [dbo].[Заказ]  WITH CHECK ADD  CONSTRAINT [FK_Заказ_Пункты_выдачи] FOREIGN KEY([пункт_выдачи])
REFERENCES [dbo].[Пункты_выдачи] ([id])
GO
ALTER TABLE [dbo].[Заказ] CHECK CONSTRAINT [FK_Заказ_Пункты_выдачи]
GO
ALTER TABLE [dbo].[Пользователь]  WITH CHECK ADD  CONSTRAINT [FK_Пользователь_Типы_пользователей] FOREIGN KEY([тип_пользователя])
REFERENCES [dbo].[Типы_пользователей] ([id])
GO
ALTER TABLE [dbo].[Пользователь] CHECK CONSTRAINT [FK_Пользователь_Типы_пользователей]
GO
ALTER TABLE [dbo].[Товары]  WITH CHECK ADD  CONSTRAINT [FK_Товары_Категория_Товаров] FOREIGN KEY([категория_товара])
REFERENCES [dbo].[Категория_Товаров] ([id])
GO
ALTER TABLE [dbo].[Товары] CHECK CONSTRAINT [FK_Товары_Категория_Товаров]
GO
USE [master]
GO
ALTER DATABASE [Demka] SET  READ_WRITE 
GO
